{
  "aides . bonus vélo": "logo_etat_francais.webp",
  "aides . prime à la conversion": "logo_etat_francais.webp",
  "aides . prime à la conversion . surprime ZFE": "logo_etat_francais.webp",
  "aides . ile de france": "logo_ile_de_france.webp",
  "aides . occitanie": "logo_occitanie.webp",
  "aides . corse": "logo_region_corse.webp",
  "aides . paris": "logo_paris.webp",
  "aides . saint-étienne": "logo_saint_etienne_metropole.webp",
  "aides . lyon": "logo_grand_lyon_la_metropole.webp",
  "aides . villefranche beaujolais saône": "logo_ca_villefranche_beaujolais_saone.webp",
  "aides . sainte foy lès lyon": "logo_sainte_foy_les_lyon.webp",
  "aides . pays mornantais": "logo_cc_du_pays_mornantais_copamo.webp",
  "aides . mornant": "logo_ville_mornant.webp",
  "aides . dardilly": "logo_ville_dardilly.webp",
  "aides . écully": "logo_ville_ecully.webp",
  "aides . feyzin": "logo_ville_feyzin.webp",
  "aides . grigny": "logo_ville_grigny.webp",
  "aides . irigny": "logo_ville_irigny.webp",
  "aides . oullins": "logo_ville_oullins.webp",
  "aides . pierre-bénite": "logo_ville_pierre_benite.webp",
  "aides . blacé": "logo_blace.webp",
  "aides . charlieu-belmont": "logo_epci_charlieu_belmont.webp",
  "aides . unieux": "logo_ville_unieux.webp",
  "aides . bordeaux": "logo_intercommunalite_bordeaux.webp",
  "aides . la cali": "logo_ca_du_libournais.webp",
  "aides . vesoul": "logo_ca_de_vesoul.webp",
  "aides . saint-rémy": "logo_saint_remy.webp",
  "aides . mérignac": "logo_ville_merignac.webp",
  "aides . saint-émilionnais": "logo_cc_grand_saint_emilionnais.webp",
  "aides . pays de la loire": "logo_pays_de_la_loire.webp",
  "aides . nantes": "logo_nantes_metropole.webp",
  "aides . toulouse": "logo_toulouse_metropole.webp",
  "aides . tarbes lourdes pyrénées": "logo_epci_tarbes_lourdes_pyrenees.webp",
  "aides . nice": "logo_metropole_nice_cote_d_azur.webp",
  "aides . strasbourg": "logo_strasbourg_eurometropole.webp",
  "aides . entzheim": "logo_ville_entzheim.webp",
  "aides . geispolsheim": "logo_ville_geispolsheim.webp",
  "aides . hangenbieten": "logo_ville_hangenbieten.webp",
  "aides . gerstheim": "logo_ville_gerstheim.webp",
  "aides . eschau": "logo_ville_eschau.webp",
  "aides . eckbolsheim": "logo_ville_eckbolsheim.webp",
  "aides . ried de marckolsheim": "logo_cc_du_ried_de_marckolsheim.webp",
  "aides . marckolsheim": "logo_ville_marckolsheim.webp",
  "aides . pays de saverne": "logo_cc_du_pays_de_saverne.webp",
  "aides . val d'argent": "logo_cc_du_val_dargent.webp",
  "aides . illkirch": "logo_illkirch.webp",
  "aides . plobsheim": "logo_ville_plobsheim.webp",
  "aides . vendenheim": "logo_ville_vendenheim.webp",
  "aides . albi": "logo_communaute_agglomeration_grand_albigeois.webp",
  "aides . toulon": "logo_toulon_provence_mediterranee.webp",
  "aides . provence verte": "logo_ca_de_la_provence_verte.webp",
  "aides . bretagne romantique": "logo_intercommunalite_bretagne_romantique.webp",
  "aides . quimper": "logo_quimper_bretagne_occidentale.webp",
  "aides . quimperlé": "logo_ca_quimperle_communaute.webp",
  "aides . laon": "logo_pays_de_laon.webp",
  "aides . caen": "logo_caen.webp",
  "aides . caen la mer": "logo_communaute_urbaine_caen_la_mer.webp",
  "aides . carpiquet": "logo_carpiquet.webp",
  "aides . herouville": "logo_herouville_saint_clair.webp",
  "aides . ifs": "logo_ifs.webp",
  "aides . mondeville": "logo_mondeville.webp",
  "aides . terre d'auge": "logo_cc_terre_dauge.webp",
  "aides . flers": "logo_ca_flers_agglo.webp",
  "aides . ronchin": "logo_ronchin.webp",
  "aides . wasquehal": "logo_wasquehal.webp",
  "aides . ouistreham": "logo_ouistreham_riva_bella.webp",
  "aides . verson": "logo_verson.webp",
  "aides . saint-germain la blanche herbe": "logo_saint_germain_la_blanche_herbe.webp",
  "aides . coeur de nacre": "logo_cc_coeur_de_nacre.webp",
  "aides . trouville sur mer": "logo_ville_trouville_sur_mer.webp",
  "aides . deauville": "logo_ville_deauville.webp",
  "aides . louvigny": "logo-louvigny.webp",
  "aides . honfleur": "logo_cc_du_pays_de_honfleur_beuzeville.webp",
  "aides . montlouis sur loire": "logo_montlouis_sur_loire.webp",
  "aides . istres": "logo_ville_istres.webp",
  "aides . montbéliard agglo": "logo_pays_de_montbeliard.webp",
  "aides . besançon": "logo_cu_grand_besancon_metropole.webp",
  "aides . montbéliard": "logo_montbeliard.webp",
  "aides . vienne condrieu": "logo_ca_vienne_condrieu.webp",
  "aides . noyarey": "logo_ville_noyarey.webp",
  "aides . vif": "logo_vif.webp",
  "aides . crolles": "logo_ville_crolles.webp",
  "aides . ploemeur": "logo_ploemeur.webp",
  "aides . daix": "logo_daix.webp",
  "aides . sorgues du comtat": "logo_intercommunalite_sorgues_du_comtat.webp",
  "aides . grand périgueux": "logo_ca_le_grand_perigueux.webp",
  "aides . sarlat": "logo_sarlat.webp",
  "aides . sablé sur sarthe": "logo_sable_sur_sarthe.webp",
  "aides . loue lison": "logo_cc_loue_lison.webp",
  "aides . département somme": "logo_cd80.webp",
  "aides . amiens": "logo_amiens.webp",
  "aides . camon": "logo_ville_camon.webp",
  "aides . rivery": "logo_rivery.webp",
  "aides . faches-thumesnil": "logo_faches_thumesnil.webp",
  "aides . pays sainte odile": "logo_pays_de_sainte_odile.webp",
  "aides . portes de rosheim": "logo_cc_des_portes_de_rosheim.webp",
  "aides . pays de barr": "logo_cc_du_pays_de_barr.webp",
  "aides . wasselonne": "logo_ville_wasselonne.webp",
  "aides . les sables d'olonne": "logo_intercommunalite_les_sables_d_olonne.webp",
  "aides . vallons du lyonnais": "logo_intercommunalite_vallons_du_lyonnais.webp",
  "aides . département loire": "logo_cd42.webp",
  "aides . département Hérault": "logo_cd34.webp",
  "aides . montpellier": "logo_montpellier_mediterranee_metropole.webp",
  "aides . sète": "logo_ca_sete_agglopole_mediterranee.webp",
  "aides . vauvert": "logo_ville_vauvert.webp",
  "aides . pays d'issoire": "logo_pays_issoire.webp",
  "aides . cébazat": "logo_cebazat.webp",
  "aides . aubiere": "logo_aubiere.webp",
  "aides . romagnat": "logo_romagnat.webp",
  "aides . ambert livradois forez": "logo_cc_ambert_livradois_forez.webp",
  "aides . cournon d'auvergne": "logo_cournon_auvergne.webp",
  "aides . colmar": "logo_colmar.webp",
  "aides . avignon": "logo_intercommunalite_grand_avignon.webp",
  "aides . villeneuve lez avignon": "logo_ville_villeneuve_les_avignon.webp",
  "aides . luberon": "logo_ca_luberon_monts_de_vaucluse.webp",
  "aides . charenton": "logo_charenton_le_pont.webp",
  "aides . kremlin-bicetre": "logo_ville_le_kremlin_bicetre.webp",
  "aides . pau": "logo_pau_bearn_pyrenees.webp",
  "aides . lescar": "logo_lescar.webp",
  "aides . vallée d'ossau": "logo_cc_de_la_vallee_dossau.webp",
  "aides . grand lac": "logo_ca_grand_lac.webp",
  "aides . aix les bains": "logo_aix_les_bains.webp",
  "aides . bourget-du-lac": "logo_ville_le_bourget_du_lac.webp",
  "aides . bourg-saint-maurice": "logo_ville_bourg_saint_maurice.webp",
  "aides . la motte servolex": "logo_ville_la_motte_servolex.webp",
  "aides . ardenne": "logo_intercommunalite_ardenne.webp",
  "aides . erdregesvres": "logo_intercommunalite_erdre_et_gesvres.webp",
  "aides . sud estuaire": "logo_epci_sud_estuaire.webp",
  "aides . grand lieu": "epci_grand_lieu.webp",
  "aides . sèvre et loire": "logo_epci_sevres_loire.webp",
  "aides . chateaubriant derval": "logo_cc_chateaubriant_derval.webp",
  "aides . pays ancenis": "logo_cc_du_pays_dancenis.webp",
  "aides . romilly-sur-seine": "logo_cc_des_portes_de_romilly_sur_seine.webp",
  "aides . cote d'or": "logo_cd21.webp",
  "aides . sophia antipolis": "logo_intercommunalite_sophia_antipolis.webp",
  "aides . pantin": "logo_pantin.webp",
  "aides . rueil-malmaison": "logo_rueil_malmaison.webp",
  "aides . courbevoie": "logo_courbevoie.webp",
  "aides . mons en baroeul": "logo_mons_en_baroeul.webp",
  "aides . la madeleine": "logo_la_madeleine.webp",
  "aides . puisaye forterre": "logo_cc_de_puisaye_forterre.webp",
  "aides . nevers": "logo_nevers_agglomeration.webp",
  "aides . sud nivernais": "logo_epci_sud_nivernais.webp",
  "aides . aurillac": "logo_caba.webp",
  "aides . terre des 2 caps": "logo_cc_terre_des_deux_caps.webp",
  "aides . carvin": "logo_carvin.webp",
  "aides . les herbiers": "logo_pays_des_herbiers.webp",
  "aides . riviera francaise": "logo_intercommunaute_riviera_francaise.webp",
  "aides . frejus": "logo_frejus.webp",
  "aides . orléans": "logo_orleans_metropole.webp",
  "aides . gien": "logo_epci_giennoises.webp",
  "aides . reims": "logo_reims.webp",
  "aides . grand reims": "logo_cu_du_grand_reims.webp",
  "aides . annecy": "logo_intercommunalite_grand_annecy.webp",
  "aides . genevois": "logo_cc_genevois.webp",
  "aides . pays rochois": "logo_cc_du_pays_rochois.webp",
  "aides . arve salève": "logo_cc_arve_et_saleve.webp",
  "aides . évian-les-bains": "logo_ville_evian_les_bains.webp",
  "aides . marignier": "logo_marignier.webp",
  "aides . combloux": "logo_combloux.webp",
  "aides . angers": "logo_intercommunalite_angers_loire.webp",
  "aides . haut val de sèvre": "logo_cc_haut_val_de_sevre.webp",
  "aides . agglo bocage bressuirais": "logo_ca_du_bocage_bressuirais.webp",
  "aides . brissac loire aubance": "logo_cc_loire_layon_aubance.webp",
  "aides . limoges metropole": "logo_cu_limoges_metropole.webp",
  "aides . grand poitiers": "logo_epci_poitiers.webp",
  "aides . haut-poitou": "logo_cc_du_haut_poitou.webp",
  "aides . châtellrault": "logo_ca_grand_chatellerault.webp",
  "aides . pays de l'or": "logo_communaute_agglomeration_pays_de_l_or.webp",
  "aides . grand orb": "logo_cc_grand_orb_communaute_de_communes_en_languedoc.webp",
  "aides . saint-jean-de-védas": "logo_saint_jean_de_vedas.webp",
  "aides . annemasse": "logo_intercommunalite_annemasse.webp",
  "aides . montlucon": "logo_montlucon_communaute.webp",
  "aides . cotentin": "logo_intercommunalite_cap_cotentin.webp",
  "aides . coutances mer et bocage": "epci_coutances.webp",
  "aides . granville": "logo_ville_granville.webp",
  "aides . saint-pair-sur-mer": "logo_ville_saint_pair_sur_mer.webp",
  "aides . la rochelle": "logo_intercommunalite_la_rochelle.webp",
  "aides . aunis atlantique": "epci_aunis.webp",
  "aides . blois": "logo_blois.webp",
  "aides . epinal": "logo_epinal.webp",
  "aides . vannes": "logo_golfe_du_morbihan_vannes.webp",
  "aides . quéven": "logo_ville_queven.webp",
  "aides . rochefort": "logo_rochefort.webp",
  "aides . saintes": "logo_ca_de_saintes.webp",
  "aides . seine-maritime": "logo_cd76.webp",
  "aides . yvetot normandie": "logo_cc_yvetot_normandie.webp",
  "aides . cote albatre": "logo_cc_de_la_cote_dalbatre.webp",
  "aides . caux austreberthe": "logo_epci_caux.webp",
  "aides . pavilly": "logo_pavilly.webp",
  "aides . elbeuf": "logo_ville_elbeuf.webp",
  "aides . arcachon": "logo_arcachon.webp",
  "aides . bourges": "logo_intercommunalite_bourges.webp",
  "aides . corrèze": "logo_ville_correze.webp",
  "aides . montauban": "logo_intercommunalite_grand_montauban.webp",
  "aides . mont de marsan": "logo_mont_de_marsans.webp",
  "aides . dieulefit-bourdeaux": "logo_cc_dieulefit_bourdeaux.webp",
  "aides . arche agglo": "logo_ca_arche_agglo.webp",
  "aides . lorient": "logo_lorient_agglomeration.webp",
  "aides . lanester": "logo_ville_lanester.webp",
  "aides . la roche sur yon": "logo_intercommunalite_la_roche_sur_yon.webp",
  "aides . cholet": "logo_le_choletais.webp",
  "aides . saumur val de loire": "logo_epci_saumur.webp",
  "aides . loire layon aubance": "logo_cc_loire_layon_aubance.webp",
  "aides . mayenne": "logo_departement_mayenne.webp",
  "aides . laval": "logo_intercommunalite_laval.webp",
  "aides . bocage mayennais": "logo_cc_du_bocage_mayennais.webp",
  "aides . brive": "logo_agglomeration_brive.webp",
  "aides . ville de talant": "logo_ville_talant.webp",
  "aides . vendée grand littoral": "logo_cc_vendee_grand_littoral.webp",
  "aides . pays des achards": "logo_cc_pays_des_achards.webp",
  "aides . terres de montaigu": "logo_cc_terres_de_montaigu_cc_montaigu_rocheserviere.webp",
  "aides . hem": "logo_hem.webp",
  "aides . saint-omer": "logo_pays_saint_omer.webp",
  "aides . liévin": "logo_ville_lievin.webp",
  "aides . béthune bruay": "logo_ca_de_bethune_bruay_artois_lys_romane.webp",
  "aides . baisieux": "logo_baisieux.webp",
  "aides . billy-berclau": "logo_billy_berclau.webp",
  "aides . bonningues-lès-calais": "logo_ville_bonningues_les_calais.webp",
  "aides . gruson": "logo_gruson.webp",
  "aides . lesquin": "logo_ville_lesquin.webp",
  "aides . marcq-en-baroeul": "logo_ville_marcq_en_baroeul.webp",
  "aides . lezenne": "logo_lezennes.webp",
  "aides . dunkerque": "logo_communaute_urbaine_dunkerque.webp",
  "aides . flandre intérieure": "logo_cc_flandre_interieure.webp",
  "aides . grande-synthe": "logo_grande_synthe.webp",
  "aides . valenciennes": "logo_valenciennes_metropole.webp",
  "aides . cambrai": "logo_ca_de_cambrai.webp",
  "aides . thiais": "logo_thiais.webp",
  "aides . nanterre": "logo_nanterre.webp",
  "aides . puteaux": "logo_ville_puteaux.webp",
  "aides . genneviliers": "logo_gennevilliers.webp",
  "aides . drancy": "logo_drancy.webp",
  "aides . fontenay": "logo_fontenay_sous_bois.webp",
  "aides . rives de moselle": "logo_cc_rives_de_moselle.webp",
  "aides . saint-avold": "logo_ca_saint_avold_synergie.webp",
  "aides . montigny les metz": "logo_ville_montigny_les_metz.webp",
  "aides . mennecy": "logo_ville_mennecy.webp",
  "aides . betheny": "logo_betheny.webp",
  "aides . brest": "logo_brest_metropole.webp",
  "aides . plougastel-daoulas": "logo_ville_plougastel_daoulas.webp",
  "aides . gouesnou": "logo_ville_gouesnou.webp",
  "aides . saint-pol-de-léon": "logo_ville_saint_pol_de_leon.webp",
  "aides . cote d'émeraude": "logo_cc_terre_demeraude_communaute.webp",
  "aides . baie du mont saint-michel": "logo_cc_du_pays_de_dol_et_de_la_baie_du_mont_saint_michel.webp",
  "aides . Vallons de Haute Bretagne": "logo_epci_vallons.webp",
  "aides . guichen": "logo_guichen_pont_rean.webp",
  "aides . cote d'emeraude": "logo_cc_cote_demeraude.webp",
  "aides . saint-brieuc armor": "logo_ca_saint_brieuc_armor_agglomeration.webp",
  "aides . lannion-trégor": "logo_ca_lannion_tregor_communaute.webp",
  "aides . perros-guirec": "logo_ville_perros_guirec.webp",
  "aides . saint-jacques de la lande": "logo_saint_jacques_de-_la_lande.webp",
  "aides . quesnoy-sur-deûle": "logo_ville_quesnoy_sur_deule.webp",
  "aides . sainghin en melantois": "logo_sainghin_en_melantois.webp",
  "aides . pays de mormal": "logo_cc_du_pays_de_mormal.webp",
  "aides . arras": "logo_intercommunalite_arras.webp",
  "aides . pays de lumbres": "logo_pays_de_lumbres.webp",
  "aides . boulonnais": "logo__boulonnais.webp",
  "aides . chateauroux": "logo_intercommunalite_chateauroux.webp",
  "aides . pontivy": "logo_pontivy_-communaute.webp",
  "aides . grand villeneuvois": "logo_ca_du_grand_villeneuvois.webp",
  "aides . pont-saint-maxence": "logo_ville_pont_sainte_maxence.webp",
  "aides . val de drôme en biovalée": "logo_cc_du_val_de_drome_en_biovallee.webp",
  "aides . porte du hainaut": "logo_ca_de_la_porte_du_hainaut.webp"
}